"","Player","Team","Pass Completions"
"Pass Completions Leaders","Joe Burrow ","CIN","396"
"Pass Completions Leaders","Dak Prescott ","DAL","382"
"Pass Completions Leaders","Jared Goff ","DET","374"
"Pass Completions Leaders","Brock Purdy ","SF","370"
"Pass Completions Leaders","Tyler Shough ","NO","363"
"Pass Completions Leaders","Bo Nix ","DEN","355"
"Pass Completions Leaders","Patrick Mahomes II ","KC","354"
"Pass Completions Leaders","Matthew Stafford ","LAR","353"
"Pass Completions Leaders","Baker Mayfield ","TB","349"
"Pass Completions Leaders","Justin Herbert ","LAC","349"
"Pass Completions Leaders","Jacoby Brissett ","ARI","347"
"Pass Completions Leaders","C.J. Stroud ","HOU","347"
"Pass Completions Leaders","Cam Ward ","TEN","345"
"Pass Completions Leaders","Kyler Murray ","MIN","344"
"Pass Completions Leaders","Geno Smith ","NYJ","341"
"Pass Completions Leaders","Drake Maye ","NE","341"
"Pass Completions Leaders","Aaron Rodgers ","PIT","339"
"Pass Completions Leaders","Sam Darnold ","SEA","337"
"Pass Completions Leaders","Daniel Jones ","IND","337"
"Pass Completions Leaders","Trevor Lawrence ","JAC","336"
"Pass Completions Leaders","Bryce Young ","CAR","334"
"Pass Completions Leaders","Josh Allen ","BUF","333"
"Pass Completions Leaders","Jordan Love ","GB","331"
"Pass Completions Leaders","Caleb Williams ","CHI","331"
"Pass Completions Leaders","Jaxson Dart ","NYG","324"
"Pass Completions Leaders","Jayden Daniels ","WAS","322"
"Pass Completions Leaders","Malik Willis ","MIA","318"
"Pass Completions Leaders","Jalen Hurts ","PHI","317"
"Pass Completions Leaders","Lamar Jackson ","BAL","292"
"Pass Completions Leaders","Fernando Mendoza ","LV","276"
"Pass Completions Leaders","Tua Tagovailoa ","ATL","218"
"Pass Completions Leaders","Deshaun Watson ","CLE","187"
"Pass Completions Leaders","Shedeur Sanders ","CLE","147"
"Pass Completions Leaders","Michael Penix Jr. ","ATL","139"
"Pass Completions Leaders","Kirk Cousins ","LV","74"
"Pass Completions Leaders","Carson Beck ","ARI","40"
"Pass Completions Leaders","Marcus Mariota ","WAS","22"
"Pass Completions Leaders","Ty Simpson ","LAR","21"
"Pass Completions Leaders","J.J. McCarthy ","MIN","17"
"Pass Completions Leaders","Riley Leonard ","IND","17"
"Pass Completions Leaders","Joe Flacco ","CIN","16"
"Pass Completions Leaders","Davis Mills ","HOU","16"
"Pass Completions Leaders","Jameis Winston ","NYG","16"
"Pass Completions Leaders","Justin Fields ","KC","16"
"Pass Completions Leaders","Drew Allar ","PIT","15"
"Pass Completions Leaders","Spencer Rattler ","NO","15"
"Pass Completions Leaders","Mac Jones ","SF","15"
"Pass Completions Leaders","Joshua Dobbs ","DET","15"
"Pass Completions Leaders","Tyson Bagent ","CHI","15"
"Pass Completions Leaders","Gardner Minshew II ","ARI","14"
"Pass Completions Leaders","Sam Howell ","DAL","14"
"Pass Completions Leaders","Kenny Pickett ","CAR","14"
"Pass Completions Leaders","Trey Lance ","LAC","14"
"Pass Completions Leaders","Quinn Ewers ","JAC","14"
"Pass Completions Leaders","Jarrett Stidham ","DEN","14"
"Pass Completions Leaders","Tommy DeVito ","NE","14"
"Pass Completions Leaders","Mitchell Trubisky ","TEN","13"
"Pass Completions Leaders","Cade Klubnik ","NYJ","13"
"Pass Completions Leaders","Andy Dalton ","PHI","13"
"Pass Completions Leaders","Drew Lock ","SEA","13"
""
"","Player","Team","Pass Attempts"
"Pass Attempts Leaders","Joe Burrow ","CIN","591"
"Pass Attempts Leaders","Dak Prescott ","DAL","580"
"Pass Attempts Leaders","Cam Ward ","TEN","564"
"Pass Attempts Leaders","Bo Nix ","DEN","555"
"Pass Attempts Leaders","Patrick Mahomes II ","KC","555"
"Pass Attempts Leaders","C.J. Stroud ","HOU","551"
"Pass Attempts Leaders","Caleb Williams ","CHI","551"
"Pass Attempts Leaders","Tyler Shough ","NO","550"
"Pass Attempts Leaders","Brock Purdy ","SF","548"
"Pass Attempts Leaders","Jared Goff ","DET","547"
"Pass Attempts Leaders","Matthew Stafford ","LAR","547"
"Pass Attempts Leaders","Trevor Lawrence ","JAC","546"
"Pass Attempts Leaders","Jacoby Brissett ","ARI","541"
"Pass Attempts Leaders","Baker Mayfield ","TB","541"
"Pass Attempts Leaders","Justin Herbert ","LAC","529"
"Pass Attempts Leaders","Aaron Rodgers ","PIT","527"
"Pass Attempts Leaders","Bryce Young ","CAR","525"
"Pass Attempts Leaders","Geno Smith ","NYJ","521"
"Pass Attempts Leaders","Kyler Murray ","MIN","519"
"Pass Attempts Leaders","Daniel Jones ","IND","513"
"Pass Attempts Leaders","Jordan Love ","GB","510"
"Pass Attempts Leaders","Jaxson Dart ","NYG","509"
"Pass Attempts Leaders","Sam Darnold ","SEA","507"
"Pass Attempts Leaders","Drake Maye ","NE","496"
"Pass Attempts Leaders","Malik Willis ","MIA","493"
"Pass Attempts Leaders","Jayden Daniels ","WAS","493"
"Pass Attempts Leaders","Josh Allen ","BUF","492"
"Pass Attempts Leaders","Jalen Hurts ","PHI","488"
"Pass Attempts Leaders","Lamar Jackson ","BAL","449"
"Pass Attempts Leaders","Fernando Mendoza ","LV","432"
"Pass Attempts Leaders","Tua Tagovailoa ","ATL","338"
"Pass Attempts Leaders","Deshaun Watson ","CLE","305"
"Pass Attempts Leaders","Shedeur Sanders ","CLE","242"
"Pass Attempts Leaders","Michael Penix Jr. ","ATL","223"
"Pass Attempts Leaders","Kirk Cousins ","LV","114"
"Pass Attempts Leaders","Carson Beck ","ARI","65"
"Pass Attempts Leaders","Marcus Mariota ","WAS","34"
"Pass Attempts Leaders","Ty Simpson ","LAR","34"
"Pass Attempts Leaders","J.J. McCarthy ","MIN","28"
"Pass Attempts Leaders","Riley Leonard ","IND","27"
"Pass Attempts Leaders","Davis Mills ","HOU","26"
"Pass Attempts Leaders","Jameis Winston ","NYG","26"
"Pass Attempts Leaders","Justin Fields ","KC","26"
"Pass Attempts Leaders","Joe Flacco ","CIN","25"
"Pass Attempts Leaders","Gardner Minshew II ","ARI","23"
"Pass Attempts Leaders","Drew Allar ","PIT","23"
"Pass Attempts Leaders","Spencer Rattler ","NO","23"
"Pass Attempts Leaders","Kenny Pickett ","CAR","23"
"Pass Attempts Leaders","Quinn Ewers ","JAC","23"
"Pass Attempts Leaders","Jarrett Stidham ","DEN","23"
"Pass Attempts Leaders","Tyson Bagent ","CHI","23"
"Pass Attempts Leaders","Mitchell Trubisky ","TEN","22"
"Pass Attempts Leaders","Sam Howell ","DAL","22"
"Pass Attempts Leaders","Trey Lance ","LAC","22"
"Pass Attempts Leaders","Mac Jones ","SF","22"
"Pass Attempts Leaders","Joshua Dobbs ","DET","22"
"Pass Attempts Leaders","Kyle Allen ","BUF","21"
"Pass Attempts Leaders","Cade Klubnik ","NYJ","21"
"Pass Attempts Leaders","Drew Lock ","SEA","21"
"Pass Attempts Leaders","Tommy DeVito ","NE","21"
""
"","Player","Team","Pass Yards"
"Pass Yards Leaders","Jared Goff ","DET","4309"
"Pass Yards Leaders","Dak Prescott ","DAL","4275"
"Pass Yards Leaders","Matthew Stafford ","LAR","4191"
"Pass Yards Leaders","Joe Burrow ","CIN","4175"
"Pass Yards Leaders","Brock Purdy ","SF","4154"
"Pass Yards Leaders","Sam Darnold ","SEA","4087"
"Pass Yards Leaders","Drake Maye ","NE","3999"
"Pass Yards Leaders","Tyler Shough ","NO","3946"
"Pass Yards Leaders","Jordan Love ","GB","3917"
"Pass Yards Leaders","Trevor Lawrence ","JAC","3912"
"Pass Yards Leaders","C.J. Stroud ","HOU","3876"
"Pass Yards Leaders","Caleb Williams ","CHI","3872"
"Pass Yards Leaders","Justin Herbert ","LAC","3854"
"Pass Yards Leaders","Baker Mayfield ","TB","3840"
"Pass Yards Leaders","Patrick Mahomes II ","KC","3837"
"Pass Yards Leaders","Josh Allen ","BUF","3813"
"Pass Yards Leaders","Daniel Jones ","IND","3759"
"Pass Yards Leaders","Bo Nix ","DEN","3744"
"Pass Yards Leaders","Jayden Daniels ","WAS","3677"
"Pass Yards Leaders","Lamar Jackson ","BAL","3652"
"Pass Yards Leaders","Kyler Murray ","MIN","3645"
"Pass Yards Leaders","Jacoby Brissett ","ARI","3588"
"Pass Yards Leaders","Cam Ward ","TEN","3586"
"Pass Yards Leaders","Jaxson Dart ","NYG","3586"
"Pass Yards Leaders","Jalen Hurts ","PHI","3567"
"Pass Yards Leaders","Aaron Rodgers ","PIT","3484"
"Pass Yards Leaders","Geno Smith ","NYJ","3463"
"Pass Yards Leaders","Bryce Young ","CAR","3457"
"Pass Yards Leaders","Malik Willis ","MIA","3374"
"Pass Yards Leaders","Fernando Mendoza ","LV","2882"
"Pass Yards Leaders","Tua Tagovailoa ","ATL","2351"
"Pass Yards Leaders","Deshaun Watson ","CLE","1994"
"Pass Yards Leaders","Shedeur Sanders ","CLE","1632"
"Pass Yards Leaders","Michael Penix Jr. ","ATL","1565"
"Pass Yards Leaders","Kirk Cousins ","LV","782"
"Pass Yards Leaders","Carson Beck ","ARI","450"
"Pass Yards Leaders","Marcus Mariota ","WAS","254"
"Pass Yards Leaders","Ty Simpson ","LAR","243"
"Pass Yards Leaders","J.J. McCarthy ","MIN","196"
"Pass Yards Leaders","Jameis Winston ","NYG","194"
"Pass Yards Leaders","Riley Leonard ","IND","193"
"Pass Yards Leaders","Davis Mills ","HOU","176"
"Pass Yards Leaders","Justin Fields ","KC","175"
"Pass Yards Leaders","Tyson Bagent ","CHI","170"
"Pass Yards Leaders","Joe Flacco ","CIN","169"
"Pass Yards Leaders","Drew Allar ","PIT","160"
"Pass Yards Leaders","Mac Jones ","SF","160"
"Pass Yards Leaders","Kenny Pickett ","CAR","158"
"Pass Yards Leaders","Quinn Ewers ","JAC","158"
"Pass Yards Leaders","Spencer Rattler ","NO","157"
"Pass Yards Leaders","Joshua Dobbs ","DET","157"
"Pass Yards Leaders","Tommy DeVito ","NE","154"
"Pass Yards Leaders","Jarrett Stidham ","DEN","153"
"Pass Yards Leaders","Gardner Minshew II ","ARI","148"
"Pass Yards Leaders","Trey Lance ","LAC","148"
"Pass Yards Leaders","Drew Lock ","SEA","147"
"Pass Yards Leaders","Sam Howell ","DAL","144"
"Pass Yards Leaders","Tyrod Taylor ","GB","144"
"Pass Yards Leaders","Tanner McKee ","PHI","141"
"Pass Yards Leaders","Andy Dalton ","PHI","140"
""
"","Player","Team","Pass TDs"
"Pass TDs Leaders","Matthew Stafford ","LAR","34"
"Pass TDs Leaders","Joe Burrow ","CIN","33"
"Pass TDs Leaders","Jared Goff ","DET","32"
"Pass TDs Leaders","Dak Prescott ","DAL","31"
"Pass TDs Leaders","Drake Maye ","NE","28"
"Pass TDs Leaders","Lamar Jackson ","BAL","28"
"Pass TDs Leaders","Sam Darnold ","SEA","27"
"Pass TDs Leaders","Jordan Love ","GB","27"
"Pass TDs Leaders","Bo Nix ","DEN","27"
"Pass TDs Leaders","Caleb Williams ","CHI","27"
"Pass TDs Leaders","Patrick Mahomes II ","KC","27"
"Pass TDs Leaders","Brock Purdy ","SF","27"
"Pass TDs Leaders","Trevor Lawrence ","JAC","27"
"Pass TDs Leaders","Josh Allen ","BUF","27"
"Pass TDs Leaders","Baker Mayfield ","TB","26"
"Pass TDs Leaders","Justin Herbert ","LAC","26"
"Pass TDs Leaders","Daniel Jones ","IND","24"
"Pass TDs Leaders","Kyler Murray ","MIN","24"
"Pass TDs Leaders","Jalen Hurts ","PHI","24"
"Pass TDs Leaders","Jayden Daniels ","WAS","24"
"Pass TDs Leaders","Bryce Young ","CAR","23"
"Pass TDs Leaders","C.J. Stroud ","HOU","23"
"Pass TDs Leaders","Aaron Rodgers ","PIT","22"
"Pass TDs Leaders","Geno Smith ","NYJ","22"
"Pass TDs Leaders","Tyler Shough ","NO","22"
"Pass TDs Leaders","Jaxson Dart ","NYG","22"
"Pass TDs Leaders","Cam Ward ","TEN","20"
"Pass TDs Leaders","Jacoby Brissett ","ARI","19"
"Pass TDs Leaders","Malik Willis ","MIA","18"
"Pass TDs Leaders","Fernando Mendoza ","LV","16"
"Pass TDs Leaders","Tua Tagovailoa ","ATL","13"
"Pass TDs Leaders","Deshaun Watson ","CLE","11"
"Pass TDs Leaders","Michael Penix Jr. ","ATL","8"
"Pass TDs Leaders","Shedeur Sanders ","CLE","8"
"Pass TDs Leaders","Kirk Cousins ","LV","5"
"Pass TDs Leaders","Carson Beck ","ARI","3"
"Pass TDs Leaders","Marcus Mariota ","WAS","2"
"Pass TDs Leaders","Ty Simpson ","LAR","2"
"Pass TDs Leaders","Brady Cook ","FA","1"
"Pass TDs Leaders","Stetson Bennett IV ","LAR","1"
"Pass TDs Leaders","Mason Rudolph ","PIT","1"
"Pass TDs Leaders","Will Howard ","PIT","1"
"Pass TDs Leaders","Joe Milton III ","DAL","1"
"Pass TDs Leaders","Kyle McCord ","MIA","1"
"Pass TDs Leaders","Jalen Milroe ","SEA","1"
"Pass TDs Leaders","Mitchell Trubisky ","TEN","1"
"Pass TDs Leaders","Kyle Allen ","BUF","1"
"Pass TDs Leaders","Cole Payton ","PHI","1"
"Pass TDs Leaders","Cade Klubnik ","NYJ","1"
"Pass TDs Leaders","Gardner Minshew II ","ARI","1"
"Pass TDs Leaders","Drew Allar ","PIT","1"
"Pass TDs Leaders","Andy Dalton ","PHI","1"
"Pass TDs Leaders","Drew Lock ","SEA","1"
"Pass TDs Leaders","Sam Howell ","DAL","1"
"Pass TDs Leaders","Spencer Rattler ","NO","1"
"Pass TDs Leaders","Jalon Daniels ","TB","1"
"Pass TDs Leaders","Kenny Pickett ","CAR","1"
"Pass TDs Leaders","Joe Flacco ","CIN","1"
"Pass TDs Leaders","Tanner McKee ","PHI","1"
"Pass TDs Leaders","A. Richardson Sr. ","IND","1"
""
"","Player","Team","INTs"
"INTs Leaders","Geno Smith ","NYJ","15"
"INTs Leaders","Kyler Murray ","MIN","14"
"INTs Leaders","Brock Purdy ","SF","14"
"INTs Leaders","Sam Darnold ","SEA","13"
"INTs Leaders","Baker Mayfield ","TB","13"
"INTs Leaders","Trevor Lawrence ","JAC","13"
"INTs Leaders","Fernando Mendoza ","LV","12"
"INTs Leaders","Bryce Young ","CAR","12"
"INTs Leaders","Malik Willis ","MIA","12"
"INTs Leaders","Daniel Jones ","IND","12"
"INTs Leaders","Tyler Shough ","NO","12"
"INTs Leaders","Justin Herbert ","LAC","12"
"INTs Leaders","Patrick Mahomes II ","KC","12"
"INTs Leaders","Joe Burrow ","CIN","12"
"INTs Leaders","C.J. Stroud ","HOU","11"
"INTs Leaders","Bo Nix ","DEN","11"
"INTs Leaders","Dak Prescott ","DAL","11"
"INTs Leaders","Jaxson Dart ","NYG","11"
"INTs Leaders","Jayden Daniels ","WAS","11"
"INTs Leaders","Josh Allen ","BUF","11"
"INTs Leaders","Jacoby Brissett ","ARI","10"
"INTs Leaders","Cam Ward ","TEN","10"
"INTs Leaders","Jordan Love ","GB","10"
"INTs Leaders","Jared Goff ","DET","10"
"INTs Leaders","Drake Maye ","NE","10"
"INTs Leaders","Lamar Jackson ","BAL","10"
"INTs Leaders","Aaron Rodgers ","PIT","9"
"INTs Leaders","Matthew Stafford ","LAR","9"
"INTs Leaders","Caleb Williams ","CHI","9"
"INTs Leaders","Deshaun Watson ","CLE","7"
"INTs Leaders","Tua Tagovailoa ","ATL","7"
"INTs Leaders","Jalen Hurts ","PHI","7"
"INTs Leaders","Shedeur Sanders ","CLE","6"
"INTs Leaders","Kirk Cousins ","LV","4"
"INTs Leaders","Michael Penix Jr. ","ATL","4"
"INTs Leaders","Carson Beck ","ARI","2"
"INTs Leaders","Brady Cook ","FA","1"
"INTs Leaders","Will Howard ","PIT","1"
"INTs Leaders","Joe Milton III ","DAL","1"
"INTs Leaders","Kyle McCord ","MIA","1"
"INTs Leaders","Mitchell Trubisky ","TEN","1"
"INTs Leaders","Kyle Allen ","BUF","1"
"INTs Leaders","Cade Klubnik ","NYJ","1"
"INTs Leaders","Drew Allar ","PIT","1"
"INTs Leaders","Drew Lock ","SEA","1"
"INTs Leaders","Sam Howell ","DAL","1"
"INTs Leaders","Spencer Rattler ","NO","1"
"INTs Leaders","Kenny Pickett ","CAR","1"
"INTs Leaders","Joe Flacco ","CIN","1"
"INTs Leaders","Trey Lance ","LAC","1"
"INTs Leaders","Mac Jones ","SF","1"
"INTs Leaders","Quinn Ewers ","JAC","1"
"INTs Leaders","Davis Mills ","HOU","1"
"INTs Leaders","Jameis Winston ","NYG","1"
"INTs Leaders","Justin Fields ","KC","1"
"INTs Leaders","J.J. McCarthy ","MIN","1"
"INTs Leaders","Riley Leonard ","IND","1"
"INTs Leaders","Marcus Mariota ","WAS","1"
"INTs Leaders","Ty Simpson ","LAR","1"
""
"","Player","Team","Rushing Attempts"
"Rushing Attempts Leaders","Jonathan Taylor ","IND","327"
"Rushing Attempts Leaders","Derrick Henry ","BAL","316"
"Rushing Attempts Leaders","Saquon Barkley ","PHI","296"
"Rushing Attempts Leaders","Quinshon Judkins ","CLE","290"
"Rushing Attempts Leaders","James Cook III ","BUF","288"
"Rushing Attempts Leaders","Bijan Robinson ","ATL","286"
"Rushing Attempts Leaders","Jahmyr Gibbs ","DET","281"
"Rushing Attempts Leaders","C. McCaffrey ","SF","270"
"Rushing Attempts Leaders","Kenneth Walker III ","KC","267"
"Rushing Attempts Leaders","Javonte Williams ","DAL","264"
"Rushing Attempts Leaders","Ashton Jeanty ","LV","258"
"Rushing Attempts Leaders","Bucky Irving ","TB","253"
"Rushing Attempts Leaders","Travis Etienne Jr. ","NO","253"
"Rushing Attempts Leaders","Breece Hall ","NYJ","249"
"Rushing Attempts Leaders","Omarion Hampton ","LAC","244"
"Rushing Attempts Leaders","Bhayshul Tuten ","JAC","239"
"Rushing Attempts Leaders","Chase Brown ","CIN","239"
"Rushing Attempts Leaders","De'Von Achane ","MIA","238"
"Rushing Attempts Leaders","Cam Skattebo ","NYG","237"
"Rushing Attempts Leaders","Jeremiyah Love ","ARI","237"
"Rushing Attempts Leaders","Tony Pollard ","TEN","236"
"Rushing Attempts Leaders","David Montgomery ","HOU","236"
"Rushing Attempts Leaders","Kyren Williams ","LAR","235"
"Rushing Attempts Leaders","D'Andre Swift ","CHI","232"
"Rushing Attempts Leaders","J.K. Dobbins ","DEN","220"
"Rushing Attempts Leaders","Jadarian Price ","SEA","216"
"Rushing Attempts Leaders","Rico Dowdle ","PIT","201"
"Rushing Attempts Leaders","Jordan Mason ","MIN","193"
"Rushing Attempts Leaders","MarShawn Lloyd ","GB","193"
"Rushing Attempts Leaders","Kyle Monangai ","CHI","190"
"Rushing Attempts Leaders","Jonathon Brooks ","CAR","189"
"Rushing Attempts Leaders","Jaylen Warren ","PIT","189"
"Rushing Attempts Leaders","TreVeyon Henderson ","NE","186"
"Rushing Attempts Leaders","J. Croskey-Merritt ","WAS","185"
"Rushing Attempts Leaders","Chuba Hubbard ","CAR","183"
"Rushing Attempts Leaders","Blake Corum ","LAR","172"
"Rushing Attempts Leaders","R. Stevenson ","NE","169"
"Rushing Attempts Leaders","Josh Jacobs ","GB","152"
"Rushing Attempts Leaders","Aaron Jones Sr. ","MIN","150"
"Rushing Attempts Leaders","Woody Marks ","HOU","145"
"Rushing Attempts Leaders","Rachaad White ","WAS","137"
"Rushing Attempts Leaders","C. Rodriguez Jr. ","JAC","136"
"Rushing Attempts Leaders","Jayden Daniels ","WAS","130"
"Rushing Attempts Leaders","M. Washington Jr. ","LV","127"
"Rushing Attempts Leaders","Zach Charbonnet ","SEA","126"
"Rushing Attempts Leaders","Malik Willis ","MIA","125"
"Rushing Attempts Leaders","Brian Robinson Jr. ","ATL","121"
"Rushing Attempts Leaders","AJ Dillon ","CAR","121"
"Rushing Attempts Leaders","Lamar Jackson ","BAL","119"
"Rushing Attempts Leaders","Josh Allen ","BUF","118"
"Rushing Attempts Leaders","Kenny Gainwell ","TB","117"
"Rushing Attempts Leaders","Kaelon Black ","SF","114"
"Rushing Attempts Leaders","Braelon Allen ","NYJ","112"
"Rushing Attempts Leaders","Jalen Hurts ","PHI","112"
"Rushing Attempts Leaders","Tyler Allgeier ","ARI","108"
"Rushing Attempts Leaders","RJ Harvey ","DEN","108"
"Rushing Attempts Leaders","Tank Bigsby ","PHI","105"
"Rushing Attempts Leaders","Alvin Kamara ","NO","105"
"Rushing Attempts Leaders","Isiah Pacheco ","DET","101"
"Rushing Attempts Leaders","Jaxson Dart ","NYG","101"
""
"","Player","Team","Rushing Yards"
"Rushing Yards Leaders","Derrick Henry ","BAL","1577"
"Rushing Yards Leaders","Jonathan Taylor ","IND","1506"
"Rushing Yards Leaders","Jahmyr Gibbs ","DET","1415"
"Rushing Yards Leaders","James Cook III ","BUF","1406"
"Rushing Yards Leaders","Bijan Robinson ","ATL","1391"
"Rushing Yards Leaders","Saquon Barkley ","PHI","1298"
"Rushing Yards Leaders","Kenneth Walker III ","KC","1207"
"Rushing Yards Leaders","De'Von Achane ","MIA","1201"
"Rushing Yards Leaders","Javonte Williams ","DAL","1196"
"Rushing Yards Leaders","Breece Hall ","NYJ","1113"
"Rushing Yards Leaders","Quinshon Judkins ","CLE","1106"
"Rushing Yards Leaders","Kyren Williams ","LAR","1096"
"Rushing Yards Leaders","C. McCaffrey ","SF","1094"
"Rushing Yards Leaders","Travis Etienne Jr. ","NO","1070"
"Rushing Yards Leaders","D'Andre Swift ","CHI","1050"
"Rushing Yards Leaders","Jeremiyah Love ","ARI","1049"
"Rushing Yards Leaders","Ashton Jeanty ","LV","1038"
"Rushing Yards Leaders","Chase Brown ","CIN","1037"
"Rushing Yards Leaders","Omarion Hampton ","LAC","1036"
"Rushing Yards Leaders","Tony Pollard ","TEN","1033"
"Rushing Yards Leaders","J.K. Dobbins ","DEN","1028"
"Rushing Yards Leaders","Bucky Irving ","TB","1005"
"Rushing Yards Leaders","Cam Skattebo ","NYG","989"
"Rushing Yards Leaders","Bhayshul Tuten ","JAC","980"
"Rushing Yards Leaders","David Montgomery ","HOU","978"
"Rushing Yards Leaders","Jadarian Price ","SEA","912"
"Rushing Yards Leaders","Jordan Mason ","MIN","879"
"Rushing Yards Leaders","Rico Dowdle ","PIT","876"
"Rushing Yards Leaders","TreVeyon Henderson ","NE","852"
"Rushing Yards Leaders","Jaylen Warren ","PIT","833"
"Rushing Yards Leaders","J. Croskey-Merritt ","WAS","831"
"Rushing Yards Leaders","MarShawn Lloyd ","GB","824"
"Rushing Yards Leaders","Blake Corum ","LAR","823"
"Rushing Yards Leaders","Kyle Monangai ","CHI","814"
"Rushing Yards Leaders","Jonathon Brooks ","CAR","781"
"Rushing Yards Leaders","Chuba Hubbard ","CAR","748"
"Rushing Yards Leaders","R. Stevenson ","NE","723"
"Rushing Yards Leaders","Jayden Daniels ","WAS","685"
"Rushing Yards Leaders","Malik Willis ","MIA","643"
"Rushing Yards Leaders","Lamar Jackson ","BAL","640"
"Rushing Yards Leaders","Aaron Jones Sr. ","MIN","639"
"Rushing Yards Leaders","Josh Jacobs ","GB","616"
"Rushing Yards Leaders","Rachaad White ","WAS","605"
"Rushing Yards Leaders","Josh Allen ","BUF","586"
"Rushing Yards Leaders","Woody Marks ","HOU","567"
"Rushing Yards Leaders","C. Rodriguez Jr. ","JAC","561"
"Rushing Yards Leaders","Jaxson Dart ","NYG","549"
"Rushing Yards Leaders","AJ Dillon ","CAR","532"
"Rushing Yards Leaders","Brian Robinson Jr. ","ATL","517"
"Rushing Yards Leaders","Zach Charbonnet ","SEA","514"
"Rushing Yards Leaders","Kenny Gainwell ","TB","512"
"Rushing Yards Leaders","Tank Bigsby ","PHI","511"
"Rushing Yards Leaders","Kyler Murray ","MIN","496"
"Rushing Yards Leaders","Drake Maye ","NE","493"
"Rushing Yards Leaders","M. Washington Jr. ","LV","490"
"Rushing Yards Leaders","Jalen Hurts ","PHI","461"
"Rushing Yards Leaders","Kaelon Black ","SF","452"
"Rushing Yards Leaders","Justin Herbert ","LAC","450"
"Rushing Yards Leaders","Braelon Allen ","NYJ","449"
"Rushing Yards Leaders","Samaje Perine ","CIN","441"
""
"","Player","Team","Rushing TDs"
"Rushing TDs Leaders","Jahmyr Gibbs ","DET","14"
"Rushing TDs Leaders","Derrick Henry ","BAL","13"
"Rushing TDs Leaders","Jonathan Taylor ","IND","13"
"Rushing TDs Leaders","Javonte Williams ","DAL","11"
"Rushing TDs Leaders","Josh Allen ","BUF","11"
"Rushing TDs Leaders","Kyren Williams ","LAR","10"
"Rushing TDs Leaders","James Cook III ","BUF","10"
"Rushing TDs Leaders","Bhayshul Tuten ","JAC","9"
"Rushing TDs Leaders","Omarion Hampton ","LAC","9"
"Rushing TDs Leaders","Kenneth Walker III ","KC","9"
"Rushing TDs Leaders","C. McCaffrey ","SF","9"
"Rushing TDs Leaders","Bijan Robinson ","ATL","9"
"Rushing TDs Leaders","Jadarian Price ","SEA","8"
"Rushing TDs Leaders","David Montgomery ","HOU","8"
"Rushing TDs Leaders","Quinshon Judkins ","CLE","8"
"Rushing TDs Leaders","D'Andre Swift ","CHI","8"
"Rushing TDs Leaders","Cam Skattebo ","NYG","8"
"Rushing TDs Leaders","Chase Brown ","CIN","8"
"Rushing TDs Leaders","Saquon Barkley ","PHI","8"
"Rushing TDs Leaders","Jalen Hurts ","PHI","8"
"Rushing TDs Leaders","J. Croskey-Merritt ","WAS","7"
"Rushing TDs Leaders","MarShawn Lloyd ","GB","7"
"Rushing TDs Leaders","R. Stevenson ","NE","7"
"Rushing TDs Leaders","TreVeyon Henderson ","NE","7"
"Rushing TDs Leaders","J.K. Dobbins ","DEN","7"
"Rushing TDs Leaders","Jeremiyah Love ","ARI","7"
"Rushing TDs Leaders","Ashton Jeanty ","LV","7"
"Rushing TDs Leaders","Josh Jacobs ","GB","6"
"Rushing TDs Leaders","Blake Corum ","LAR","6"
"Rushing TDs Leaders","Jordan Mason ","MIN","6"
"Rushing TDs Leaders","Rico Dowdle ","PIT","6"
"Rushing TDs Leaders","Bucky Irving ","TB","6"
"Rushing TDs Leaders","Breece Hall ","NYJ","6"
"Rushing TDs Leaders","De'Von Achane ","MIA","6"
"Rushing TDs Leaders","Jaxson Dart ","NYG","6"
"Rushing TDs Leaders","C. Rodriguez Jr. ","JAC","5"
"Rushing TDs Leaders","Zach Charbonnet ","SEA","5"
"Rushing TDs Leaders","Rachaad White ","WAS","5"
"Rushing TDs Leaders","Kyle Monangai ","CHI","5"
"Rushing TDs Leaders","Jonathon Brooks ","CAR","5"
"Rushing TDs Leaders","Chuba Hubbard ","CAR","5"
"Rushing TDs Leaders","Jaylen Warren ","PIT","5"
"Rushing TDs Leaders","Tony Pollard ","TEN","5"
"Rushing TDs Leaders","Travis Etienne Jr. ","NO","5"
"Rushing TDs Leaders","Trevor Lawrence ","JAC","5"
"Rushing TDs Leaders","Jayden Daniels ","WAS","5"
"Rushing TDs Leaders","Tyler Allgeier ","ARI","4"
"Rushing TDs Leaders","Kaelon Black ","SF","4"
"Rushing TDs Leaders","Samaje Perine ","CIN","4"
"Rushing TDs Leaders","Tank Bigsby ","PHI","4"
"Rushing TDs Leaders","Brian Robinson Jr. ","ATL","4"
"Rushing TDs Leaders","Braelon Allen ","NYJ","4"
"Rushing TDs Leaders","RJ Harvey ","DEN","4"
"Rushing TDs Leaders","Kenny Gainwell ","TB","4"
"Rushing TDs Leaders","Malik Willis ","MIA","4"
"Rushing TDs Leaders","Daniel Jones ","IND","4"
"Rushing TDs Leaders","Tyler Shough ","NO","4"
"Rushing TDs Leaders","Kyler Murray ","MIN","4"
"Rushing TDs Leaders","Bo Nix ","DEN","4"
"Rushing TDs Leaders","Brock Purdy ","SF","4"
""
"","Player","Team","Receptions"
"Receptions Leaders","Ja'Marr Chase ","CIN","121"
"Receptions Leaders","Amon-Ra St. Brown ","DET","117"
"Receptions Leaders","Puka Nacua ","LAR","117"
"Receptions Leaders","Jaxon Smith-Njigba ","SEA","111"
"Receptions Leaders","Trey McBride ","ARI","109"
"Receptions Leaders","Justin Jefferson ","MIN","99"
"Receptions Leaders","Drake London ","ATL","98"
"Receptions Leaders","Brock Bowers ","LV","97"
"Receptions Leaders","CeeDee Lamb ","DAL","97"
"Receptions Leaders","Garrett Wilson ","NYJ","96"
"Receptions Leaders","Chris Olave ","NO","96"
"Receptions Leaders","Rashee Rice ","KC","96"
"Receptions Leaders","DeVonta Smith ","PHI","88"
"Receptions Leaders","A.J. Brown ","NE","88"
"Receptions Leaders","Harold Fannin Jr. ","CLE","83"
"Receptions Leaders","Nico Collins ","HOU","83"
"Receptions Leaders","Malik Nabers ","NYG","82"
"Receptions Leaders","George Pickens ","DAL","82"
"Receptions Leaders","Tetairoa McMillan ","CAR","81"
"Receptions Leaders","Zay Flowers ","BAL","81"
"Receptions Leaders","Wan'Dale Robinson ","TEN","80"
"Receptions Leaders","M. Pittman Jr. ","PIT","80"
"Receptions Leaders","Tyler Warren ","IND","79"
"Receptions Leaders","Colston Loveland ","CHI","79"
"Receptions Leaders","Ladd McConkey ","LAC","79"
"Receptions Leaders","C. McCaffrey ","SF","79"
"Receptions Leaders","Kyle Pitts Sr. ","ATL","77"
"Receptions Leaders","Bijan Robinson ","ATL","77"
"Receptions Leaders","Travis Kelce ","KC","75"
"Receptions Leaders","Jaylen Waddle ","DEN","75"
"Receptions Leaders","Jake Ferguson ","DAL","74"
"Receptions Leaders","Luther Burden III ","CHI","73"
"Receptions Leaders","Emeka Egbuka ","TB","73"
"Receptions Leaders","Jahmyr Gibbs ","DET","72"
"Receptions Leaders","Tee Higgins ","CIN","71"
"Receptions Leaders","Sam LaPorta ","DET","70"
"Receptions Leaders","George Kittle ","SF","70"
"Receptions Leaders","Khalil Shakir ","BUF","70"
"Receptions Leaders","Josh Downs ","IND","69"
"Receptions Leaders","DJ Moore ","BUF","69"
"Receptions Leaders","Terry McLaurin ","WAS","69"
"Receptions Leaders","Davante Adams ","LAR","69"
"Receptions Leaders","Stefon Diggs ","WAS","68"
"Receptions Leaders","Chris Godwin Jr. ","TB","68"
"Receptions Leaders","Michael Wilson ","ARI","68"
"Receptions Leaders","Jakobi Meyers ","JAC","67"
"Receptions Leaders","Courtland Sutton ","DEN","67"
"Receptions Leaders","Dalton Schultz ","HOU","66"
"Receptions Leaders","Dallas Goedert ","PHI","66"
"Receptions Leaders","M. Harrison Jr. ","ARI","66"
"Receptions Leaders","De'Von Achane ","MIA","66"
"Receptions Leaders","Juwan Johnson ","NO","65"
"Receptions Leaders","Carnell Tate ","TEN","65"
"Receptions Leaders","Mike Evans ","SF","65"
"Receptions Leaders","T.J. Hockenson ","MIN","64"
"Receptions Leaders","Isaiah Likely ","NYG","64"
"Receptions Leaders","KC Concepcion ","CLE","64"
"Receptions Leaders","DK Metcalf ","PIT","64"
"Receptions Leaders","Jameson Williams ","DET","64"
"Receptions Leaders","Chase Brown ","CIN","64"
""
"","Player","Team","Receiving Yards"
"Receiving Yards Leaders","Jaxon Smith-Njigba ","SEA","1568"
"Receiving Yards Leaders","Puka Nacua ","LAR","1539"
"Receiving Yards Leaders","Ja'Marr Chase ","CIN","1511"
"Receiving Yards Leaders","Amon-Ra St. Brown ","DET","1391"
"Receiving Yards Leaders","Justin Jefferson ","MIN","1311"
"Receiving Yards Leaders","CeeDee Lamb ","DAL","1295"
"Receiving Yards Leaders","Drake London ","ATL","1273"
"Receiving Yards Leaders","A.J. Brown ","NE","1234"
"Receiving Yards Leaders","Nico Collins ","HOU","1210"
"Receiving Yards Leaders","George Pickens ","DAL","1200"
"Receiving Yards Leaders","Chris Olave ","NO","1196"
"Receiving Yards Leaders","Zay Flowers ","BAL","1157"
"Receiving Yards Leaders","Tetairoa McMillan ","CAR","1145"
"Receiving Yards Leaders","DeVonta Smith ","PHI","1136"
"Receiving Yards Leaders","Emeka Egbuka ","TB","1097"
"Receiving Yards Leaders","Garrett Wilson ","NYJ","1096"
"Receiving Yards Leaders","Malik Nabers ","NYG","1080"
"Receiving Yards Leaders","Trey McBride ","ARI","1069"
"Receiving Yards Leaders","Rashee Rice ","KC","1069"
"Receiving Yards Leaders","Jameson Williams ","DET","1066"
"Receiving Yards Leaders","Brock Bowers ","LV","1023"
"Receiving Yards Leaders","Ladd McConkey ","LAC","1009"
"Receiving Yards Leaders","Jaylen Waddle ","DEN","992"
"Receiving Yards Leaders","Alec Pierce ","IND","975"
"Receiving Yards Leaders","Luther Burden III ","CHI","974"
"Receiving Yards Leaders","Terry McLaurin ","WAS","971"
"Receiving Yards Leaders","Rome Odunze ","CHI","965"
"Receiving Yards Leaders","Tee Higgins ","CIN","965"
"Receiving Yards Leaders","M. Harrison Jr. ","ARI","946"
"Receiving Yards Leaders","Colston Loveland ","CHI","928"
"Receiving Yards Leaders","DK Metcalf ","PIT","926"
"Receiving Yards Leaders","Davante Adams ","LAR","925"
"Receiving Yards Leaders","Christian Watson ","GB","923"
"Receiving Yards Leaders","Mike Evans ","SF","914"
"Receiving Yards Leaders","DJ Moore ","BUF","905"
"Receiving Yards Leaders","Carnell Tate ","TEN","887"
"Receiving Yards Leaders","Courtland Sutton ","DEN","884"
"Receiving Yards Leaders","Tyler Warren ","IND","878"
"Receiving Yards Leaders","Brian Thomas Jr. ","JAC","871"
"Receiving Yards Leaders","Parker Washington ","JAC","862"
"Receiving Yards Leaders","Kyle Pitts Sr. ","ATL","845"
"Receiving Yards Leaders","Michael Wilson ","ARI","840"
"Receiving Yards Leaders","Harold Fannin Jr. ","CLE","834"
"Receiving Yards Leaders","De'Zhaun Stribling ","SF","829"
"Receiving Yards Leaders","Sam LaPorta ","DET","814"
"Receiving Yards Leaders","M. Pittman Jr. ","PIT","806"
"Receiving Yards Leaders","Wan'Dale Robinson ","TEN","805"
"Receiving Yards Leaders","George Kittle ","SF","796"
"Receiving Yards Leaders","KC Concepcion ","CLE","793"
"Receiving Yards Leaders","Travis Kelce ","KC","785"
"Receiving Yards Leaders","Matthew Golden ","GB","780"
"Receiving Yards Leaders","Jerry Jeudy ","CLE","775"
"Receiving Yards Leaders","Chris Godwin Jr. ","TB","773"
"Receiving Yards Leaders","Jakobi Meyers ","JAC","771"
"Receiving Yards Leaders","Quentin Johnston ","LAC","763"
"Receiving Yards Leaders","Calvin Ridley ","TEN","762"
"Receiving Yards Leaders","Tucker Kraft ","GB","761"
"Receiving Yards Leaders","Stefon Diggs ","WAS","761"
"Receiving Yards Leaders","Jordan Addison ","MIN","758"
"Receiving Yards Leaders","Rashid Shaheed ","SEA","755"
""
"","Player","Team","Receiving TDs"
"Receiving TDs Leaders","Ja'Marr Chase ","CIN","11"
"Receiving TDs Leaders","Davante Adams ","LAR","10"
"Receiving TDs Leaders","Rashee Rice ","KC","10"
"Receiving TDs Leaders","Amon-Ra St. Brown ","DET","10"
"Receiving TDs Leaders","Jaxon Smith-Njigba ","SEA","10"
"Receiving TDs Leaders","Tee Higgins ","CIN","9"
"Receiving TDs Leaders","Drake London ","ATL","9"
"Receiving TDs Leaders","Puka Nacua ","LAR","9"
"Receiving TDs Leaders","Mark Andrews ","BAL","8"
"Receiving TDs Leaders","Dallas Goedert ","PHI","8"
"Receiving TDs Leaders","Brock Bowers ","LV","8"
"Receiving TDs Leaders","Christian Watson ","GB","8"
"Receiving TDs Leaders","Rome Odunze ","CHI","8"
"Receiving TDs Leaders","Malik Nabers ","NYG","8"
"Receiving TDs Leaders","Nico Collins ","HOU","8"
"Receiving TDs Leaders","Chris Olave ","NO","8"
"Receiving TDs Leaders","A.J. Brown ","NE","8"
"Receiving TDs Leaders","George Pickens ","DAL","8"
"Receiving TDs Leaders","CeeDee Lamb ","DAL","8"
"Receiving TDs Leaders","Colston Loveland ","CHI","7"
"Receiving TDs Leaders","Trey McBride ","ARI","7"
"Receiving TDs Leaders","Quentin Johnston ","LAC","7"
"Receiving TDs Leaders","Mike Evans ","SF","7"
"Receiving TDs Leaders","Courtland Sutton ","DEN","7"
"Receiving TDs Leaders","DJ Moore ","BUF","7"
"Receiving TDs Leaders","Terry McLaurin ","WAS","7"
"Receiving TDs Leaders","Tetairoa McMillan ","CAR","7"
"Receiving TDs Leaders","Jameson Williams ","DET","7"
"Receiving TDs Leaders","Emeka Egbuka ","TB","7"
"Receiving TDs Leaders","Justin Jefferson ","MIN","7"
"Receiving TDs Leaders","Jake Ferguson ","DAL","6"
"Receiving TDs Leaders","Tucker Kraft ","GB","6"
"Receiving TDs Leaders","Harold Fannin Jr. ","CLE","6"
"Receiving TDs Leaders","George Kittle ","SF","6"
"Receiving TDs Leaders","Tyler Warren ","IND","6"
"Receiving TDs Leaders","Rashod Bateman ","BAL","6"
"Receiving TDs Leaders","Parker Washington ","JAC","6"
"Receiving TDs Leaders","M. Harrison Jr. ","ARI","6"
"Receiving TDs Leaders","DK Metcalf ","PIT","6"
"Receiving TDs Leaders","Luther Burden III ","CHI","6"
"Receiving TDs Leaders","Alec Pierce ","IND","6"
"Receiving TDs Leaders","Jaylen Waddle ","DEN","6"
"Receiving TDs Leaders","Ladd McConkey ","LAC","6"
"Receiving TDs Leaders","Garrett Wilson ","NYJ","6"
"Receiving TDs Leaders","DeVonta Smith ","PHI","6"
"Receiving TDs Leaders","Zay Flowers ","BAL","6"
"Receiving TDs Leaders","Darren Waller ","CAR","5"
"Receiving TDs Leaders","AJ Barner ","SEA","5"
"Receiving TDs Leaders","Terrance Ferguson ","LAR","5"
"Receiving TDs Leaders","Hunter Henry ","NE","5"
"Receiving TDs Leaders","Isaiah Likely ","NYG","5"
"Receiving TDs Leaders","Dalton Kincaid ","BUF","5"
"Receiving TDs Leaders","Travis Kelce ","KC","5"
"Receiving TDs Leaders","Sam LaPorta ","DET","5"
"Receiving TDs Leaders","Jauan Jennings ","MIN","5"
"Receiving TDs Leaders","Ja'Kobi Lane ","BAL","5"
"Receiving TDs Leaders","Kayshon Boutte ","HOU","5"
"Receiving TDs Leaders","Romeo Doubs ","NE","5"
"Receiving TDs Leaders","Chris Godwin Jr. ","TB","5"
"Receiving TDs Leaders","Matthew Golden ","GB","5"
""
""